variable_name,description,,
A1 Are you interested in participating in this assessment?,yes/no,,
A3 Serial Number ,number 1-13,,
B1. District Name ,"Bagerhat, Khulna",,
B2. Upazila Name,"Koyra, Morrelganj, Paikgacha",,
B4  Ward number,1534,,
"B7 Select Baseline, Endline, or Post-Implementation Monitoring",baseline,,
C2 Gender of Respondent,male/female,,
C3 Age of the respondent,age,,
"C4 How many family members are there in your house? (Household means number of people living together and eating together, including you)",number,,
C4.1 Total Male,number,,
C4.2 Total Female  ,number,,
C5 Houseowner Education,"Non-Literate, Primary Education , Secondary Education , Higher Secondary Education, University",,
C6 Houseowner Occupation,,,
Others (Please Specify),,,
C7 Did anyone in your household collect drinking water yesterday?,,,
C7.1 Which containers did household members fill and bring home yesterday? ,,,
C7.1 Which containers did household members fill and bring home yesterday? /25 Liter,,,
C7.1 Which containers did household members fill and bring home yesterday? /20 Liter,,,
C7.1 Which containers did household members fill and bring home yesterday? /15 Liter,,,
C7.1 Which containers did household members fill and bring home yesterday? /10 Liter,,,
C7.1 Which containers did household members fill and bring home yesterday? /5 Liter,,,
C7.1 Which containers did household members fill and bring home yesterday? /Other (please specify),,,
Other (please specify),,,
"C7.1.a Yesterday, how many total containers of this [25 liter] size did household members fill and bring home?",,,
"C7.1.b Yesterday, how many total containers of this [20 liter] size did household members fill and bring home?",,,
"C7.1.c Yesterday, how many total containers of this [15 liter] size did household members fill and bring home?",,,
"C7.1.d Yesterday, how many total containers of this [10 liter] size did household members fill and bring home?",,,
"C7.1.e Yesterday, how many total containers of this [5 liter] size did household members fill and bring home?",,,
"C7.1.f Yesterday, how many total containers of this other size did household members fill and bring home?",,,
Please specify others. ,,,
C8 I am now going to ask you several questions about your household's primary drinking water source. Which source you consider to be your primary drinking water source ?,,,
C9 Is your primary water source [the charity: water funded water point]?  ,,,
C9.1 Why does your household not use this water source?,,,
C9.1 Why does your household not use this water source?/It is too far away,,,
C9.1 Why does your household not use this water source?/I don't want to pay,,,
C9.1 Why does your household not use this water source?/I don't like the taste of the water,,,
C9.1 Why does your household not use this water source?/Long lines,,,
C9.1 Why does your household not use this water source?/It is broken,,,
C9.1 Why does your household not use this water source?/Decline to state,,,
C9.1 Why does your household not use this water source?/don’t know,,,
C9.1 Why does your household not use this water source?/Other (please specify),,,
Other (please specify),,,
"C10 How long do you have to walk to get to the water source? Please estimate the time that is required to walk to the water source, not the time that is required for a round trip. (In minutes)",,,
"C11 The last time you went, how long did you have to wait to collect water from the water source? (in minutes)",,,
calculation-WA-5 (median val),,,
C12 Are there months during the year when water is not regularly available from this water source because it is dry?,,,
"C13 In the past 12 months, were there times that management decided to lock or turn off the water source?",,,
"C13.1 When this happened, was it communicated so your household knew when water would be available?",,,
C14 How satisfied are you with your water service?,,,
C14.1 Why are you not satisfied with your water service?,,,
C14.1 Why are you not satisfied with your water service?/Long lines,,,
C14.1 Why are you not satisfied with your water service?/It is too expensive,,,
C14.1 Why are you not satisfied with your water service?/Water tastes bad,,,
C14.1 Why are you not satisfied with your water service?/It is too far away,,,
C14.1 Why are you not satisfied with your water service?/It is broken,,,
"C14.1 Why are you not satisfied with your water service?/Water has a bad smell, color, or quality",,,
C14.1 Why are you not satisfied with your water service?/Other (please specify),,,
Other (please specify),,,
"C15 Some people prefer to defecate in the open, some prefer to defecate in a latrine, and some prefer other places. What are the places that adult men and women in this household defecate? [Probe to ask “is there any other place” until they finish, and mark all that apply]",,,
"C15 Some people prefer to defecate in the open, some prefer to defecate in a latrine, and some prefer other places. What are the places that adult men and women in this household defecate? [Probe to ask “is there any other place” until they finish, and mark all that apply]/Latrine/toilet",,,
"C15 Some people prefer to defecate in the open, some prefer to defecate in a latrine, and some prefer other places. What are the places that adult men and women in this household defecate? [Probe to ask “is there any other place” until they finish, and mark all that apply]/In the open/no sanitation facilities",,,
"C15 Some people prefer to defecate in the open, some prefer to defecate in a latrine, and some prefer other places. What are the places that adult men and women in this household defecate? [Probe to ask “is there any other place” until they finish, and mark all that apply]/In water body – river or lake",,,
"C15 Some people prefer to defecate in the open, some prefer to defecate in a latrine, and some prefer other places. What are the places that adult men and women in this household defecate? [Probe to ask “is there any other place” until they finish, and mark all that apply]/Decline to state",,,
"C15 Some people prefer to defecate in the open, some prefer to defecate in a latrine, and some prefer other places. What are the places that adult men and women in this household defecate? [Probe to ask “is there any other place” until they finish, and mark all that apply]/Don't Know",,,
C16 Where are the places that children over 3 in this household go to defecate [Mark all that apply and probe to ask “is there any other place” until they finish],,,
C16 Where are the places that children over 3 in this household go to defecate [Mark all that apply and probe to ask “is there any other place” until they finish]/Latrine/toilet,,,
C16 Where are the places that children over 3 in this household go to defecate [Mark all that apply and probe to ask “is there any other place” until they finish]/Potty,,,
C16 Where are the places that children over 3 in this household go to defecate [Mark all that apply and probe to ask “is there any other place” until they finish]/In the open/no sanitation facilities ,,,
C16 Where are the places that children over 3 in this household go to defecate [Mark all that apply and probe to ask “is there any other place” until they finish]/In water body – river or lake ,,,
"C16 Where are the places that children over 3 in this household go to defecate [Mark all that apply and probe to ask “is there any other place” until they finish]/Not applicable, no one between the ages of 3-17 lives in this household ",,,
C16 Where are the places that children over 3 in this household go to defecate [Mark all that apply and probe to ask “is there any other place” until they finish]/Decline to state ,,,
C16 Where are the places that children over 3 in this household go to defecate [Mark all that apply and probe to ask “is there any other place” until they finish]/Don't Know,,,
C17 How is feces from children under 3 in this household disposed of?,,,
Other (please specify),,,
C18 Can I see the toilet facility that you use?,,,
C19.1 What type of sanitation facility is it?,,,
C19.2 Where does it flush to?,,,
C19.3 Is there enough water present to flush the toilet?,,,
C19.4 What is the condition of the floor?,,,
"C19.5  How well does this latrine superstructure (walls, door) provide privacy?",,,
C19.6  Is the pit full? (within 0.5 meters of the top),,,
"C19.7 Is the user able to access the latrine right now (it is not locked, or they can open it)?",,,
C19.8 [Photo] Take a photo of the inside of the sanitation facility.,,,
C19.8 [Photo] Take a photo of the inside of the sanitation facility._URL,,,
C19.9 [Photo] Take a photo of the outside of the sanitation facility.,,,
C19.9 [Photo] Take a photo of the outside of the sanitation facility._URL,,,
C20. When do you personally wash your hands?  [Do not read options to respondent. Probe to ask “Are there any other times that you wash your hands?” until they finish. Mark all that apply],,,
C20. When do you personally wash your hands?  [Do not read options to respondent. Probe to ask “Are there any other times that you wash your hands?” until they finish. Mark all that apply]/After defecation ,,,
C20. When do you personally wash your hands?  [Do not read options to respondent. Probe to ask “Are there any other times that you wash your hands?” until they finish. Mark all that apply]/After cleaning or changing a baby,,,
C20. When do you personally wash your hands?  [Do not read options to respondent. Probe to ask “Are there any other times that you wash your hands?” until they finish. Mark all that apply]/Before food preparation,,,
C20. When do you personally wash your hands?  [Do not read options to respondent. Probe to ask “Are there any other times that you wash your hands?” until they finish. Mark all that apply]/ Before eating,,,
C20. When do you personally wash your hands?  [Do not read options to respondent. Probe to ask “Are there any other times that you wash your hands?” until they finish. Mark all that apply]/Before feeding child,,,
C20. When do you personally wash your hands?  [Do not read options to respondent. Probe to ask “Are there any other times that you wash your hands?” until they finish. Mark all that apply]/Before praying,,,
C20. When do you personally wash your hands?  [Do not read options to respondent. Probe to ask “Are there any other times that you wash your hands?” until they finish. Mark all that apply]/After working in the dirt,,,
C20. When do you personally wash your hands?  [Do not read options to respondent. Probe to ask “Are there any other times that you wash your hands?” until they finish. Mark all that apply]/Other (please specify) ,,,
C20. When do you personally wash your hands?  [Do not read options to respondent. Probe to ask “Are there any other times that you wash your hands?” until they finish. Mark all that apply]/Decline to state ,,,
C20. When do you personally wash your hands?  [Do not read options to respondent. Probe to ask “Are there any other times that you wash your hands?” until they finish. Mark all that apply]/Don't Know,,,
Please specify others. ,,,
ff,,,
C21 Can you please show me where and how you usually wash your hands?,,,
"C21.1  Does the respondent use soap, ash, or another cleanser?",,,
C21.2 Does respondent use water to wash their hands?,,,
C22. Are you a member of any WASH related group?,,,
"C22.1 If yes, which group?",,,
"C22.1 If yes, which group?/Water User Group",,,
"C22.1 If yes, which group?/Water User Committee",,,
"C22.1 If yes, which group?/Health Village Group",,,
"C22.1 If yes, which group?/School brigade cabinet",,,
"C22.1 If yes, which group?/CBO/CSO",,,
"C22.1 If yes, which group?/Others (specify)",,,
Others (specify),,,
"C23. In last year, did you participate in any group meetings for WASH-related consultation and decision-making processes? ",,,
"C23.1  If yes, what was it for?",,,
C24. Do you know someone who can quickly repair [specify the water source] if required?,,,
C24.1  Is the repairer usually able to secure all the spare parts required for the repair?,,,
"C24.2 If the [specify the water source] needs only smaller repair, are you able to pay its costs?",,,
"C24.3 If the [specify the water source] needs more expensive repair, are you able to ensure it either by using your own money or by ensuring that relevant authorities conduct the repair? ",,,
D1  Type of follow-up monitoring,,,
"D2 In the last 4 weeks, how frequently did you worry you would not have enough water for all of your household needs?",,,
"D3 In the last 4 weeks, how frequently did you feel angry or frustrated about your water situation?",,,
"D4 In the last 4 weeks, how frequently has your household water supply from your main water source been interrupted or limited (e.g. water pressure, less water than expected, source dried up)?",,,
"D5 In the last 4 weeks, how frequently has there not been enough water in the household to wash clothes?",,,
"D6 In the last 4 weeks, how frequently has you or anyone in your household had to change schedules/plans due to problems with your water situation, such as problems getting or distributing water within the household? Activities that may have been interrupted include caring for others, doing household chores, agricultural work, income-generating activities, etc.",,,
"D7 In the last 4 weeks, how frequently have you or anyone in your household had to change what was being eaten because there were problems with water (e.g. for washing foods, cooking, etc.)?",,,
"D8 In the last 4 weeks, how frequently have you or anyone in your household had to go without washing hands after dirty activities (e.g. defecating, changing diapers, cleaning animal dung) because of problems with water?",,,
"D9 In the last 4 weeks, how frequently have you or anyone in your household had to go without washing their body because of problems with water (e.g. not enough water, dirty, unsafe)?",,,
"D10 In the last 4 weeks, how frequently has there not been as much water to drink as you would like for you or members of your household?",,,
"D11 In the last 4 weeks, how frequently have you or anyone in your household gone to sleep thirsty because there wasn't any water to drink?",,,
"D12 In the last 4 weeks, how frequently have you had no useable or drinkable water whatsoever in your household?",,,
"D13 In the last 4 weeks, how frequently have problems with water caused you or anyone in your household to feel ashamed/excluded/stigmatized?",,,
